kanji,meanings,readings,stroke_number,unicode
愛,affection; favourite; love,アイ; いと.しい; お.しむ; かな.しい; まな; め.でる; あ; あし; え; かな; ちか; なる; めぐ; めぐみ; よし,13,611B
委,committee; devote; discard; entrust to; leave to,イ; ゆだ.ねる; まかせ,8,59D4
壱,one (in documents),イチ; イツ; ひとつ; い; かず,7,58F1
雲,cloud,ウン; -ぐも; くも; き; ずも; のめ,12,96F2
円,circle; round; yen,エン; まど; まど.か; まる; まる.い; まろ.やか; つぶら; のぶ; まどか; みつ,4,5186
王,king; magnate; rule,-ノウ; オウ; おお; おおきみ; わ,4,738B
何,what,カ; なに; なに-; なん; なん-; あが,7,4F55
火,fire,カ; -び; ひ; ほ-,4,706B
会,association; interview; join; meet; meeting; party,エ; カイ; あ.う; あ.わせる; あつ.まる; あい; い,6,4F1A
階,counter for storeys of a building; stair; storey,カイ; きざはし; しな; と; はし,12,968E
革,become serious; leather; reform; skin,カク; かわ,9,9769
官,bureaucrat; organ; the government,カン,8,5B98
館,building; large building; mansion; palace,カン; たて; やかた; たち,16,9928
希,Greece; beg; beseech; dilute (acid); few; hope; phenomenal; pray; rare; request,キ; ケ; こいねが.う; まれ; のぞ; のぞみ,7,5E0C
記,account; narrative; scribe,キ; しる.す; のり,10,8A18
休,day off; rest; retire; sleep,キュウ; やす.まる; やす.む; やす.める,6,4F11
牛,cow,ギュウ; うし; うじ; ご,4,725B
共,alike; all; and; both; neither; together; with,キョウ; -ども; とも; とも.に,6,5171
曲,bend; composition; crooked; curve; fault; injustice; lean; melody; music; perverse; pleasure,キョク; くま; ま.がる; ま.げる; まがた,6,66F2
句,clause; counter for haiku; paragraph; passage; phrase; sentence,ク; すく,5,53E5
係,concern oneself; connection; duty; person in charge,ケイ; -がかり; かか.る; かか.わる; かかり,9,4FC2
芸,acting; art; craft; performance; stunt; technique; trick,ウン; ゲイ; う.える; のり; わざ; き; げ; なり,7,82B8
券,ticket,ケン,8,5238
険,impregnable position; inaccessible place; precipitous; sharp eyes; steep place,ケン; けわ.しい,11,967A
古,old,コ; -ふる.す; ふる-; ふる.い; ふゆ,5,53E4
語,language; speech; word,ゴ; かた.らう; かた.る,14,8A9E
口,mouth,ク; コウ; くち,3,53E3
港,harbor,コウ; みなと,12,6E2F
合,0.1; fit; join; suit,カッ; ガッ; ゴウ; -あ.い; -あ.う; -あ.わせる; -あい; あ.い; あ.う; あ.わす; あ.わせる; あい-; あう; あん; い; か; こう; ごお; に; ね; や; わい,6,5408
査,investigate,サ,9,67FB
菜,greens; side dish; vegetable,サイ; な; よう,11,83DC
刷,brush; print; printing,サツ; -ず.り; -ずり; す.る; は.く,8,5237
蚕,silkworm,サン; テン; かいこ; こ,10,8695
始,begin; commence,シ; -はじ.める; はじ.まる; はじ.める; もと,8,59CB
死,death; die,シ; し.に-; し.ぬ,6,6B7B
資,assets; be conducive to; capital; contribute to; data; funds; resources,シ; すけ; もと,13,8CC7
治,be at peace; calm down; conserve; cure; govt; heal; quell; reign; rule; subdue,ジ; チ; おさ.まる; おさ.める; なお.す; なお.る; し; ぢ; はり; はる; みち,8,6CBB
質,matter; quality; substance; temperament,シチ; シツ; チ; ただ.す; たち; もと; わりふ,15,8CEA
弱,frail; weak,ジャク; よわ.い; よわ.まる; よわ.める; よわ.る,10,5F31
需,demand; need; request,ジュ,14,9700
習,learn,シュウ; ジュ; なら.い; なら.う,11,7FD2
出,come out; exit; go out; leave; protrude; put out,シュツ; スイ; -だ.す; -で; い.だす; い.でる; だ.す; で.る; いず; いづ; いで; じ; すっ; すつ; てん,5,51FA
暑,hot; sultry; summer heat,ショ; あつ.い,12,6691
小,little; small,ショウ; お-; こ-; さ-; ちい.さい; いさら; こう; さざ; しゃお; ちいさ,3,5C0F
章,badge; chapter; composition; design; poem,ショウ; あき; あきら; あや; ふみ,11,7AE0
状,appearance; circumstances; conditions; form; status quo,ジョウ,7,72B6
深,deep; heighten; intensify; strengthen,シン; -ぶか.い; ふか.い; ふか.まる; ふか.める; み-,11,6DF1
図,audacious; drawing; extraordinary; map; plan,ズ; ト; え; はか.る; づ,7,56F3
政,government; politics,ショウ; セイ; まつりごと; まん; ただ; まさ,9,653F
製,made in...; manufacture,セイ,14,88FD
責,blame; censure; condemn,セキ; せ.める,11,8CAC
舌,clapper; reed; tongue,ゼツ; した,6,820C
選,choose; elect; prefer; select,セン; え.る; えら.ぶ; よ.る,15,9078
倉,cellar; godown; storehouse; treasury; warehouse,ソウ; くら,10,5009
増,add; augment; gain; increase; promote,ゾウ; ふ.える; ふ.やす; ま.し; ま.す; まし; ます,14,5897
属,affiliated; belong; genus; subordinate official,ショク; ゾク; さかん; つく; やから; さっか; つき,12,5C5E
多,frequent; many; much,タ; おお.い; まさ.に; まさ.る,6,591A
隊,company; party; regiment; squad,タイ,12,968A
短,brevity; defect; fault; short; weak point,タン; みじか.い,12,77ED
竹,bamboo,チク; たけ; たか,6,7AF9
貯,keep; lay in; savings; store; wear mustache,チョ; た.める; たくわ.える,12,8CAF
直,fix; frankness; honesty; repair; straightaway,ジカ; ジキ; チョク; -なお.す; す.ぐ; ただ.ちに; なお.き; なお.す; なお.る; すぐ; なお; のう; のお,8,76F4
提,carry in hand; propose; take along,ダイ; チョウ; テイ; さ.げる,12,63D0
転,change; revolve; turn around,テン; うたた; うつ.る; くる.めく; ころ.がす; ころ.がる; ころ.げる; ころ.ぶ; まろ.ぶ,11,8EE2
土,Turkey; earth; ground; soil,ト; ド; つち; つく; は; ひじ,3,571F
等,and so forth; class (first); equal; etc.; quality; similar,トウ; -ら; など; ひと.しい; と; ひ,12,7B49
童,child; juvenile,ドウ; わらべ; ぱ,12,7AE5
内,among; between; home; house; inside; within,ダイ; ナイ; うち; いと; ただ; ち; のち,4,5185
熱,fever; heat; mania; passion; temperature,ネツ; あつ.い; あた,15,71B1
馬,horse,バ; うま; うま-; ま; た; ばん; め; も,10,99AC
畑,(kokuji); farm; field; garden; one's specialty,-ばたけ; はた; はたけ; かま; まま,9,7551
番,number in a series; turn,バン; つが.い; は; ま,12,756A
美,beautiful; beauty,ビ; ミ; うつく.しい; はる; よし; よしみ; り,9,7F8E
評,comment; criticism; evaluate,ヒョウ,12,8A55
布,cloth; distribute; linen; spread,フ; ホ; きれ; し.く; ぬの; う; の; ほ,5,5E03
福,blessing; fortune; luck; wealth,フク; とし; とみ; ふ; ふき; ふっ; ぼく; よし,13,798F
弁,braid; conical cap; dialect; discrimination; dispose of; distinguish; petal; speech; valve,ヘン; ベン; あらそ.う; かんむり; はなびら; わ.ける; わきま.える; べ,5,5F01
法,law; method; model; principle; rule; system,ハッ; フラン; ホウ; ホッ; のり; ほ,8,6CD5
毎,every,マイ; -ごと.に; ごと; つね,6,6BCE
名,distinguished; name; noted; reputation,ミョウ; メイ; -な; な; と,6,540D
目,care; class; experience; eye; favor; insight; look,ボク; モク; -め; ま-; め; さかん; さがん; さっか; さつか,5,76EE
輸,be inferior; send; transport,シュ; ユ,16,8F38
容,contain; form; looks,ヨウ; い.れる; かた; ひろ; まさ,10,5BB9
浴,bask in; bathe; be favored with,ヨク; あ.びせる; あ.びる; えき; さこ,10,6D74
略,abbreviation; capture; omission; outline; plunder; shorten,リャク; おか.す; おさ.める; はか.る; はかりごと; はぶ.く; ほぼ,11,7565
縁,affinity; border; brink; connection; edge; relation; verge,-ネン; エン; えにし; ふち; ふち.どる; へり; ゆかり; よすが,15,7E01
列,column; file; rank; row; tier,レ; レツ; れっ,6,5217
話,tale; talk,ワ; はな.す; はなし,13,8A71
悪,bad; evil; false; rascal; vice; wrong,アク; オ; -にく.い; あ.し; ああ; いずくに; いずくんぞ; にく.い; にく.む; わる-; わる.い,11,60AA
意,care; desire; heart; idea; liking; mind; taste; thought,イ; もと; よし,13,610F
印,India; emblem; evidence; imprint; mark; seal; souvenir; stamp; symbol; trademark,イン; -じるし; しる.す; しるし,6,5370
営,build; camp; conduct (business); perform,エイ; いとな.み; いとな.む,12,55B6
園,farm; garden; park; yard,エン; その; おん; ぞの,13,5712
黄,yellow,オウ; コウ; き; こ-; うい; れい,11,9EC4
価,price; value,カ; ケ; あたい,8,4FA1
花,flower,カ; ケ; はな; わ,7,82B1
解,absolve; answer; cancel; explain; explanation; key; minute; notes; solve; understanding; undo; unravel; untie,カイ; ゲ; さと.る; と.かす; と.く; と.ける; ほど.く; ほど.ける; わか.る; さとる; とけ,13,89E3
貝,shellfish,バイ; かい,7,8C9D
学,learning; science; study,ガク; まな.ぶ; たか; のり,8,5B66
幹,capability; main part; talent; tree trunk,カン; みき; えだ; き; くる; たかし; つね; つよし; とも; まさ; み; もと; もとき; よし; より,13,5E79
岸,beach,ガン; きし; けし,8,5CB8
旗,banner; national flag; standard,キ; はた,14,65D7
貴,esteem; honor; precious; prize; value,キ; たっと.い; たっと.ぶ; とうと.い; とうと.ぶ; きよ; ぎ; たか; たかし; よし,12,8CB4
宮,Shinto shrine; constellations; palace; princess,キュウ; ク; クウ; グウ; みや; ぐ; み,10,5BAE
去,divorce; elapse; eliminate; gone; leave; past; quit,キョ; コ; -さ.る; さ.る; い,5,53BB
協,co-; cooperation,キョウ,8,5354
極,10**48; conclusion; electric poles; end; extremely; highest rank; highly; most; poles; settlement; very,キョク; ゴク; -ぎ.め; き.まる; き.める; きわ.まり; きわ.まる; きわ.み; きわ.める,12,6975
区,district; ward,オウ; ク; コウ,4,533A
兄,big brother; elder brother,キョウ; ケイ; あに; え; せ; よし,5,5144
欠,fail; gap; lack; yawning radical (no. 76),ケツ; ケン; か.く; か.ける,4,6B20
建,build,ケン; コン; -だ.て; た.つ; た.て; た.てる; たけ; たつ; たて,9,5EFA
験,effect; testing; verification,ケン; ゲン; あかし; しるし; ため.す; ためし,18,9A13
固,clot; curdle; harden; set,コ; かた.い; かた.まり; かた.まる; かた.める,8,56FA
誤,do wrong; err; mislead; mistake,ゴ; -あやま.る; あやま.る,14,8AA4
向,approach; beyond; confront; defy; facing; tend toward; yonder,コウ; -む.き; -む.け; む.い; む.かい; む.かう; む.く; む.ける; む.こう; む.こう-; むか.い; むこ; こお; た; な; むか; むかい; むこう,6,5411
皇,emperor,オウ; コウ; おうじ; おお; み,9,7687
告,announce; inform; revelation; tell,コク; つ.げる; い,7,544A
再,again; second time; twice,サ; サイ; ふたた.び; ふた,6,518D
際,adventurous; dangerous; edge; indecent; occasion; side; time; verge; when,サイ; -ぎわ; きわ; わ,14,969B
察,guess; judge; presume; surmise; understand,サツ,14,5BDF
賛,agree with; approve; assist; praise; title or inscription on picture,サン; たす.ける; たた.える,15,8CDB
姉,elder sister,シ; あね; はは,8,59C9
氏,clan; family name; surname,シ; -うじ; うじ,4,6C0F
歯,cog; tooth,シ; は; よわ.い; よわい; よわい.する,12,6B6F
示,display; express; indicate; point out; show,シ; ジ; しめ.す,5,793A
実,fruit; nut; reality; seed; truth,シツ; ジツ; まこと; み; みち.る; みの; みの.る; ぐみ; さね,8,5B9F
主,chief; lord; main thing; master; principal,シュ; シュウ; ス; あるじ; おも; ぬし; かず; ず; もん,5,4E3B
収,income; obtain; pay; reap; store; supply,シュウ; おさ.まる; おさ.める; のぶ,4,53CE
衆,great numbers; masses; multitude; populace,シュ; シュウ; おお.い,12,8846
術,art; magic; means; resources; skill; technique; trick,ジュツ; すべ,11,8853
書,write,ショ; -が.き; -がき; か.く; かき,10,66F8
少,few; little,ショウ; すく.ない; すこ.し,4,5C11
証,certificate; evidence; proof,ショウ; あかし,12,8A3C
植,plant,ショク; う.える; う.わる; うえ; え; げ,12,690D
申,3-5PM; have the honor to; ninth sign of Chinese zodiac; sign of the monkey,シン; さる; もう.し-; もう.す,5,7533
推,conjecture; guess; infer; push (for); support; suppose,スイ; お.す,11,63A8
整,arranging; key (music); meter; organize; tone; tune,セイ; ととの.う; ととの.える; ひとし,16,6574
西,Spain; west,サイ; ス; セイ; にし; いり; ひし; むら,6,897F
赤,red,シャク; セキ; あか; あか-; あか.い; あか.らむ; あか.らめる; あ; あこ; あま,7,8D64
先,ahead; before; future; precedence; previous,セン; さき; ま.ず; ぽん,6,5148
銭,.01 yen; coin; money,セン; ゼン; すき; ぜに,14,92AD
想,concept; idea; think; thought,ソ; ソウ; おも.う,13,60F3
蔵,have; hide; own; possess; storehouse,ソウ; ゾウ; おさ.める; かく.れる; くら; くらし; くらん; くろう; さし; ざ; ろう,15,8535
族,family; tribe,ゾク; つぎ,11,65CF
太,big around; plump; thick,タ; タイ; ふと.い; ふと.る; おお; たか; ひろ,4,592A
代,"age; change; charge; convert; counter for decades of ages, eras, etc.; fee; generation; period; rate; replace; substitute",タイ; ダイ; -が.わり; -がわ.り; か.える; か.わり; か.わる; かわ.り; かわ.る; しろ; よ; す,5,4EE3
団,association; group,ダン; トン; かたまり; まる.い,6,56E3
茶,tea,サ; チャ; ちや,9,8336
丁,"4th calendar sign; counter for guns, tools, leaves or cakes of something; even number; street; town; ward",チ; チョウ; チン; テイ; トウ; ひのと,2,4E01
賃,charge; fare; fee; hire; rent; wages,チン; すけ,13,8CC3
程,amount; degree; distance; extent; formula; law; limits,テイ; -ほど; ほど; ほと,12,7A0B
点,decimal point; mark; point; speck; spot,テン; さ.す; た.てる; つ.く; つ.ける; とぼ.す; とも.す; ぼち,9,70B9
党,clique; faction; party,トウ; なかま; むら,10,515A
答,answer; solution,トウ; こた.え; こた.える; どう,12,7B54
道,course; district; journey; moral; road-way; street; teachings,トウ; ドウ; いう; みち; おさむ; さ; じ; ど; みつ,12,9053
南,south,ナ; ナン; みなみ; なみ; は; みな; みまみ,9,5357
年,counter for years; year,ネン; とし; ね,6,5E74
拝,adore; pray to; worship,ハイ; おが.む; おろが.む,8,62DD
八,eight; eight radical (no. 12),ハチ; ハツ; や; や.つ; やっ.つ; よう; な; は; はっ; やち; やつ,2,516B
否,decline; deny; negate; no; noes; refuse,ヒ; いな; いや,7,5426
鼻,nose; snout,ビ; はな,14,9F3B
病,ill; sick,ビョウ; ヘイ; -や.み; や.む; やまい,10,75C5
府,borough; govt office; representative body; storehouse; urban prefecture,フ; い; う; お; はん,8,5E9C
複,compound; double; duplicate; multiple,フク,14,8907
陛,highness; steps (of throne),ヘイ,10,965B
保,guarantee; keep; preserve; protect; support; sustain,ホ; ホウ; たも.つ; う; お; ぶ; もり; やす; やすし,9,4FDD
豊,bountiful; excellent; rich,ブ; ホウ; とよ; ゆた.か; て; で; と; ひろし; ふう; ぶん; ほ; ゆたか,13,8C4A
末,close; end; posterity; powder; tip,バツ; マツ; うら; うれ; すえ,5,672B
命,appoint; command; decree; destiny; fate; life,ミョウ; メイ; いのち,8,547D
問,ask; problem; question,モン; と.い; と.う; とん; はる,11,554F
勇,be in high spirits; bravery; cheer up; courage; heroism,ユウ; いさ.む; お; はや,9,52C7
曜,weekday,ヨウ; てる,18,66DC
来,become; cause; come; due; next,タイ; ライ; き; き.たす; き.たる; きた.す; きた.る; く.る; こ; くり; くる; ごろ; さ,7,6765
流,a sink; current; flow; forfeit,リュウ; ル; -なが.す; なが.す; なが.れ; なが.れる; な; ながれ; めぐる,10,6D41
林,forest; grove,リン; はやし; し,8,6797
練,drill; gloss; polish; practice; refine; train,レン; ね.り; ね.る; ねり,14,7DF4
圧,dominate; oppress; overwhelm; pressure; push,アツ; エン; オウ; お.さえる; お.す; おさ.える; へ.す,5,5727
易,divination; easy; fortune-telling; ready to; simple,イ; エキ; やさ.しい; やす.い,8,6613
員,employee; member; number; the one in charge,イン; いな; かず,10,54E1
栄,flourish; glory; honor; prosperity; splendor,エイ; ヨウ; -ば.え; え; さか.える; は.え; は.える; さかえ; しげ; てる; なが; ひで; よし,9,6804
延,prolong; stretching,エン; の.ばす; の.びる; の.べ; の.べる; たか; のぶ; のべ,8,5EF6
億,10**8; hundred million,オク; お,15,5104
加,Canada; add; addition; include; increase; join,カ; くわ.える; くわ.わる,5,52A0
荷,baggage; bear (a burden); cargo; freight; load; shoulder (a gun); shoulder-pole load,カ; に; はす; り,10,8377
回,-times; counter for occurrences; game; revolve; round,エ; カイ; -まわ.し; -まわ.す; -まわ.り; -まわ.る; か.える; まわ.し-; まわ.す; まわ.る; もとお.る,6,56DE
外,outside,ガイ; ゲ; そと; と-; はず.す; はず.れる; ほか; うい; け; ふか,5,5916
楽,comfort; ease; music,ガク; ゴウ; ラク; この.む; たの.しい; たの.しむ; さ; た; やす; ら,13,697D
感,emotion; feeling; sensation,カン,13,611F
眼,eyeball,ガン; ゲン; まなこ; め,11,773C
期,date; period; term; time,キ; ゴ,12,671F
起,get up; rouse; wake up,キ; お.きる; お.こす; お.こる; おこ.す; た.つ,10,8D77
急,emergency; hurry; steep; sudden,キュウ; いそ.ぎ; いそ.ぐ; せ.く,9,6025
居,exist; live with; reside; to be,キョ; コ; -い; い.る; お.る; おき; ぐ; すえ,8,5C45
境,border; boundary; region,キョウ; ケイ; さかい; さか; じき,14,5883
玉,ball; jewel,ギョク; -だま; たま; たま-; おう; だん,5,7389
苦,feel bitter; hardship; scowl; suffering; trial; worry,ク; -ぐる.しい; くる.しい; くる.しむ; くる.しめる; にが.い; にが.る,8,82E6
型,model; mould; type,ケイ; -がた; かた,9,578B
決,agree upon; appoint; decide; fix,ケツ; -ぎ.め; き.まる; き.める; さ.く,7,6C7A
憲,constitution; law,ケン; かず; のり; よし,16,61B2
元,beginning; former time; origin,ガン; ゲン; もと; ちか; はじめ; はる; ゆき; よし,4,5143
己,self,キ; コ; おのれ; つちのと; な; し; み,3,5DF1
護,protect; safeguard,ゴ; まも.る; もり,20,8B77
后,after; back; behind; empress; later; queen,コウ; ゴ; きさき,6,540E
耕,cultivate; plow; till,コウ; たがや.す; こお,10,8015
国,country,コク; くに; くな; こ,8,56FD
最,extreme; most; utmost,サイ; シュ; つま; もっと.も; も,12,6700
在,exist; located in; outskirts; suburbs,ザイ; あ.る; あり,6,5728
殺,butcher; diminish; kill; murder; reduce; slice off; split; spoil,サイ; サツ; セツ; -ごろ.し; あや.める; ころ.す; そ.ぐ,10,6BBA
酸,acid; bitterness; sour; tart,サン; す.い,14,9178
子,11PM-1AM; child; first sign of Chinese zodiac; sign of the rat,シ; ス; ツ; -こ; こ; ね; い; き; ぎ; く; け; ねっ,3,5B50
私,I; me; private,シ; わたくし; わたし,7,79C1
事,business; fact; matter; possibly; reason; thing,ジ; ズ; こと; つか.う; つか.える; ろ,8,4E8B
耳,ear,ジ; みみ; がみ,6,8033
舎,cottage; house; hut; inn; mansion,シャ; セキ; やど.る; さ; とり,8,820E
取,fetch; take; take up,シュ; -ど.り; と.り; と.り-; と.る; とり; どる,8,53D6
周,circuit; circumference; lap,シュウ; まわ.り; あまね; しゅ; す; ちか; のり; ひろ; びび; まこと,8,5468
週,week,シュウ,11,9031
述,mention; relate; speak; state,ジュツ; の.べる,8,8FF0
諸,many; several; together; various,ショ; もろ,15,8AF8
承,acquiesce; be informed; hear; listen to; receive,ショウ; ジョウ; う.ける; うけたまわ.る; うけ; こと; すけ; つぎ; つぐ; よし,8,627F
象,elephant; image; imitate; pattern after; shape; sign (of the times),ショウ; ゾウ; かたど.る; きさ,12,8C61
織,fabric; weave,シキ; ショク; -お.り; -おり; お.り; お.る; おり; こおり; こり; のり,18,7E54
真,Buddhist sect; reality; true,シン; ま; ま-; まこと; さな; さね; ただ; ただし; なお; のり; まあ; まこ; まさ; まっ; まど; まな; まゆ; みち; も,10,771F
水,water,スイ; みず; みず-; うず; ずみ; つ; ど; み; みさ; みつ; みな; みん,4,6C34
星,dot; mark; spot; star,ショウ; セイ; -ぼし; ほし,9,661F
誠,admonish; fidelity; prohibit; sincerity; truth; warn,セイ; まこと; きよ; さと; しげ; とも; のぶ; ま; まこ; まさ,13,8AA0
切,be sharp; cut; cutoff,サイ; セツ; -き.り; -き.る; -き.れ; -き.れる; -ぎ.り; -ぎ.れ; き.り; き.る; き.れ; き.れる; きつ; きり; ぎり,4,5207
千,thousand,セン; ち; かず; ゆき,3,5343
前,before; in front,ゼン; -まえ; まえ; さき; さと; まい,9,524D
早,early; fast,サッ; ソウ; さ-; はや; はや-; はや.い; はや.まる; はや.める; さか; さわ; そ; わ,6,65E9
造,create; make; physique; structure,ゾウ; -づく.り; つく.り; つく.る; ずくり; づくり; み,10,9020
続,continue; sequel; series,キョウ; コウ; ショク; ゾク; つぐ.ない; つづ.く; つづ.ける; つぐ,13,7D9A
打,dozen; hit; knock; pound; strike,ダ; ダース; う.ち-; う.つ; ぶ.つ; うち,5,6253
台,a stand; counter for machines and vehicles; pedestal,タイ; ダイ; うてな; つかさ; われ,5,53F0
断,apologize; cutting; decision; decline; dismiss; judgement; prohibit; refuse; severance; warn,ダン; ことわ.る; さだ.める; た.つ,11,65AD
着,arrive; counter for suits of clothing; don; wear,ジャク; チャク; き.せる; き.る; つ.く; つ.ける,12,7740
帳,account book; album; curtain; net; notebook; tent; veil,チョウ; とばり,11,5E33
追,chase; drive away; follow; meanwhile; pursue,ツイ; お.う; おい,9,8FFD
敵,enemy; foe; opponent,テキ; あだ; かたき; かな.う,15,6575
伝,communicate; follow; go along; legend; report; tradition; transmit; walk along,テン; デン; -づた.い; つた.う; つた.える; つた.わる; つだ.う; つて; つたえ,6,4F1D
冬,winter,トウ; ふゆ,5,51AC
統,governing; overall; relationship; ruling,トウ; す.べる; ほび.る; のり; むね,12,7D71
銅,copper,ドウ; あかがね,14,9285
難,accident; defect; difficult; impossible; trouble,ナン; -がた.い; -にく.い; かた.い; むずか.しい; むつか.しい; むづか.しい; な; なに,18,96E3
念,attention; desire; feeling; idea; sense; thought; wish,ネン,8,5FF5
敗,defeat; failure; reversal,ハイ; やぶ.れる,11,6557
発,counter for gunshots; departure; discharge; disclose; emit; publish; start from,ハツ; ホツ; あば.く; おこ.る; た.つ; つか.わす; はな.つ; ば; わ,9,767A
悲,deplore; grieve; regret; sad,ヒ; かな.しい; かな.しむ,12,60B2
必,certain; inevitable; invariably,ヒツ; かなら.ず,5,5FC5
秒,second (1/60 minute),ビョウ,9,79D2
父,father,フ; ちち,4,7236
仏,Buddha; France; the dead,フツ; ブツ; ほとけ,4,4ECF
米,USA; metre; rice,ベイ; マイ; メエトル; こめ; よね; は; べ; まべ; め; よ; よな; よの; よま,6,7C73
歩,counter for steps; walk,フ; ブ; ホ; あゆ.む; ある.く; あ; ゆき; ゆみ,8,6B69
暴,cruelty; force; fret; outburst; outrage; rave; violence,バク; ボウ; あば.く; あば.れる,15,66B4
万,"10,000; ten thousand",バン; マン; よろず; かず; ま; ゆる,3,4E07
明,bright; light,ミョウ; ミン; メイ; -あ.け; あ.かす; あ.かり; あ.く; あ.くる; あ.ける; あか.らむ; あか.るい; あか.るむ; あき.らか; あきら; あけ; あす; きら; け; さや; さやか; とし; はる; み; め,8,660E
門,counter for cannons; gate,モン; かど; と; じょう; も; ゆき,8,9580
友,friend,ユウ; とも; う; ど; ゆ,4,53CB
様,Esq.; manner; polite suffix; situation; way,ショウ; ヨウ; さま; さん,14,69D8
落,come down; drop; fall; hamlet; village,ラク; お.ち; お.ちる; お.とす; おち,12,843D
留,detain; fasten; halt; stop,リュウ; ル; と.まる; と.める; とど.まる; とど.める; るうぶる; とめ,10,7559
臨,attend; call on; confront; face; look to; meet,リン; のぞ.む; み,18,81E8
連,clique; connect; gang; join; lead; party; take along,レン; -づ.れ; つ.れる; つら.なる; つら.ねる; ずれ; つれ; むらじ; れ,10,9023
安,cheap; contented; low; peaceful; quiet; relax; rested,アン; やす; やす.い; やす.まる; やす.らか; あ; あす; あず; あっ; や,6,5B89
異,curious; different; queerness; strangeness; uncommon; unusual; wonderful,イ; け; こと; こと.なる,11,7570
因,be associated with; be limited to; cause; depend on; factor,イン; ちな.む; よ.る; て,6,56E0
永,eternity; lengthy; long,エイ; なが.い; え; と; のり; ひさ; ひさし,5,6C38
演,act; performance; play; render; stage,エン,14,6F14
屋,dealer; house; roof; seller; shop,オク; や; た,9,5C4B
可,can; do not; mustn't; passable; should not,カ; コク; -べ.き; -べ.し; よし,5,53EF
課,chapter; counter for chapters (of a book); department; division; lesson; section,カ,15,8AB2
快,agreeable; cheerful; comfortable; pleasant,カイ; こころよ.い; よし,7,5FEB
害,harm; injury,ガイ,10,5BB3
額,amount; forehead; framed picture; plaque; sum; tablet; volume,ガク; ひたい; ぬか,18,984D
慣,accustomed; become experienced; get used to,カン; な.らす; な.れる,14,6163
岩,boulder; cliff; rock,ガン; いわ,8,5CA9
機,airplane; efficacy; loom; machine; mechanism; occasion; opportunity; potency,キ; はた,16,6A5F
技,ability; art; arts; craft; feat; performance; skill; vocation,ギ; わざ,7,6280
救,help; reclaim; rescue; salvation; save,キュウ; すく.う,11,6551
挙,actions; behavior; plan; project; raise,キョ; あ.がる; あ.げる; こぞ.る; たか,10,6319
強,strong,キョウ; ゴウ; こわ.い; し.いる; つよ.い; つよ.まる; つよ.める; すね,11,5F37
勤,become employed; diligence; serve,キン; ゴン; -づと.め; いそ.しむ; つと.まる; つと.める,12,52E4
具,"counter for armor, suits, sets of furniture; ingredients; means; possess; tool; utensil",グ; そな.える; つぶさ.に; とも,8,5177
形,form; shape; style,ギョウ; ケイ; -がた; かた; かたち; なり; ち,7,5F62
潔,clean; gallant; pure; righteous; undefiled,ケツ; いさぎよ.い; きよ; きよし,15,6F54
検,examination; investigate,ケン; しら.べる,12,691C
原,field; meadow; original; plain; prairie; primitive; tundra; wilderness,ゲン; はら; た; ばる; ら; わた; わら,10,539F
庫,storehouse; warehouse,ク; コ; くら,10,5EAB
交,association; coming & going; mingle; mixing,コウ; -か.う; か.わす; かわ.す; こもごも; ま.ざる; ま.じる; ま.ぜる; まじ.える; まじ.る; まじ.わる; かた,6,4EA4
孝,child's respect; filial piety,キョウ; コウ; たか; たかし; のり; よし,7,5B5D
考,consider; think over,コウ; かんが.え; かんが.える; たか,6,8003
穀,cereals; grain,コク; たけ,14,7A40
妻,spouse; wife,サイ; つま; ずま; め,8,59BB
材,ingredients; log; lumber; materials; talent; timber; wood,ザイ; き; さい,7,6750
雑,miscellaneous,ザツ; ゾウ; まじ.える; まじ.る,14,96D1
残,balance; leftover; remainder,サン; ザン; そこな.う; のこ.す; のこ.り; のこ.る,10,6B8B
市,city; market; town,シ; いち; い; ち,5,5E02
糸,thread,シ; いと,6,7CF8
似,becoming; counterfeit; imitate; resemble; suitable,ジ; に.る; ひ.る; にた,7,4F3C
自,oneself,シ; ジ; おの.ずから; おの.ずと; みずか.ら; より,6,81EA
写,be photographed; copy; describe,シャ; ジャ; うつ-; うつ.し; うつ.す; うつ.る,5,5199
守,defend; guard; obey; protect,シュ; ス; -もり; かみ; まも.り; まも.る; もり; う; し; て; も,6,5B88
宗,denomination; essence; main point; origin; religion; sect,シュウ; ソウ; むね; かず; し; そ; そお; たか; とし; のり; ひろ; むな; もと; よし,8,5B97
集,congregate; flock; gather; meet; swarm,シュウ; あつ.まる; あつ.める; つど.う; あつまり; ず,12,96C6
春,spring (season); springtime,シュン; はる; あずま; かす; すの; ひ; わら,9,6625
助,assist; help; rescue,ジョ; す.ける; すけ; たす.かる; たす.ける,7,52A9
招,beckon; engage; invite; summon,ショウ; まね.く,8,62DB
賞,praise; prize; reward,ショウ; ほ.める,15,8CDE
職,employment; post; work,ショク; ソク; もと,18,8077
神,gods; mind; soul,シン; ジン; かみ; かん-; こう-; か; かぐ; かな; かも; くま; こ; こは; だま; み,9,795E
数,fate; figures; law; number; strength,サク; シュ; ス; スウ; ソク; かず; かぞ.える; しばしば; せ.める; わずらわ.しい; じゅ,13,6570
晴,clear up,セイ; -ば.れ; は.らす; は.れ; は.れ-; は.れる; はる; はれ,12,6674
青,blue; green,ショウ; セイ; あお; あお-; あお.い; お,8,9752
接,adjoin; contact; piece together; touch,ショウ; セツ; つ.ぐ,11,63A5
宣,announce; proclaim; say,セン; のたま.う; とおる; のぶ; のぼる; のり; ひさ; よし,9,5BA3
善,good; goodness; virtuous,ゼン; い.い; よ.い; よ.く; よし.とする; たる; よし,12,5584
争,argue; contend; dispute,ソウ; あらそ.う; いか.でか,6,4E89
側,lean; oppose; regret; side,ソク; かわ; がわ; そば,11,5074
卒,die; graduate; private; soldier,シュツ; ソツ; お.える; お.わる; そっ.する; ついに; にわか,8,5352
体,body; counter for images; object; reality; substance,タイ; テイ; かたち; からだ; なり,7,4F53
大,big; large,タイ; ダイ; -おお.いに; おお-; おお.きい; うふ; お; おう; た; たかし; とも; はじめ; ひろ; ひろし; まさ; まさる; もと; わ,3,5927
男,male,ダン; ナン; お; おとこ; み,7,7537
中,center; in; inside; mean; middle,チュウ; あた.る; うち; なか; あたる; かなえ,4,4E2D
張,counter for bows & stringed instruments; put up (tent); spread; stretch,チョウ; -は.り; -ば.り; は.る; はり; わり,11,5F35
通,"avenue; commute; counter for letters, notes, documents, etc.; pass through; traffic",ツ; ツウ; -とお.り; -どお.し; -どお.り; かよ.う; とお.し; とお.す; とお.り; とお.る; とん; どうし; どおり; みち,10,901A
的,adjective ending; bull's eye; mark; object; target,テキ; まと; いくは; ゆくは,8,7684
田,rice field; rice paddy,デン; た; いなか; おか; たん; で; とう; や,5,7530
刀,knife; saber; sword,トウ; かたな; そり; き; ち; と; わき,2,5200
討,attack; chastise; conquer; defeat; destroy,トウ; う.つ,10,8A0E
得,able to; acquire; advantage; benefit; can; earn; find; gain; get; may; profit,トク; う.る; え.る; あつ; てろ,11,5F97
二,two; two radical (no. 7),ジ; ニ; ふた; ふた.つ; ふたたび; おと; つぎ; つぐ; にい; は; ふ; ふたつ; ふだ; わ,2,4E8C
燃,blaze; burn; glow,ネン; も.える; も.す; も.やす,16,71C3
配,distribute; exile; rationing; spouse,ハイ; くば.る,10,914D
判,judgement; judgment; seal; signature; stamp,ハン; バン; わか.る,7,5224
比,Philippines; compare; race; ratio,ヒ; くら.べる; い; ぴっ,4,6BD4
筆,handwriting; painting brush; writing; writing brush,ヒツ; ふで; はじめ,12,7B46
品,article; counter for meal courses; dignity; goods; refinement,ヒン; ホン; しな,9,54C1
負,-; assume a responsibility; bear; defeat; minus; negative; owe,フ; お.う; ま.かす; ま.ける,9,8CA0
物,matter; object; thing,ブツ; モツ; もの; もの-,8,7269
別,another; branch off; diverge; extra; fork; separate; specially,ベツ; わ.ける; わか.れる; べっ,7,5225
補,assistant; compensate; learner; make good; offset; supplement; supply,ホ; おぎな.う,12,88DC
望,ambition; aspire to; desire; expect; full moon; hope,ボウ; モウ; のぞ.む; もち; み; も,11,671B
満,enough; full; fullness; satisfy,バン; マン; み.たす; み.ちる; み.つ; ま; みち; みつ; みつる,12,6E80
盟,alliance; oath,メイ,13,76DF
夜,evening; night,ヤ; よ; よる,8,591C
有,approx; exist; happen; have; occur; possess,ウ; ユウ; あ.る; あ; あら; あり; ある; くに; なお; ゆ,6,6709
洋,Western style; foreign; ocean; sea,ヨウ; なだ; ひろ; ひろし; よ; よし,9,6D0B
利,advantage; benefit; profit,リ; き.く; かが; と; とし; のり; み; りい,7,5229
旅,travel; trip,リョ; たび,10,65C5
輪,circle; counter for wheels and flowers; link; loop; ring; wheel,リン; わ; なわ; も,15,8F2A
路,distance; path; road; route,ル; ロ; -じ; みち,13,8DEF
暗,be blinded; darkness; disappear; grow dark; informal; shade,アン; くら.い; くら.む; くれ.る,13,6697
移,"catch (cold, fire); change; drift; move; pass into; shift",イ; うつ.す; うつ.る,11,79FB
引,admit; install; jerk; pull; quote; refer to; tug,イン; ひ.く; ひ.ける; いな; ひき; ひけ; びき,4,5F15
泳,swim,エイ; およ.ぐ,8,6CF3
遠,distant; far,エン; オン; とお.い; お; おに; ど; どお,13,9060
恩,benefit; blessing; favor; goodness; grace; kindness; mercy,オン; めぐみ,10,6069
夏,summer,カ; ガ; ゲ; なつ,10,590F
貨,freight; goods; property,カ; たから,11,8CA8
改,change; examine; inspect; mend; modify; reformation; renew; search,カイ; あらた.まる; あらた.める,7,6539
各,each; either; every,カク; おのおの; かか; かが,6,5404
活,being helped; lively; living; resuscitation,カツ; い.かす; い.きる; い.ける,9,6D3B
歓,delight; joy,カン; よろこ.ぶ; ぶ,15,6B53
顔,expression; face,ガン; かお,18,9854
帰,arrive at; homecoming; lead to; result in,キ; おく.る; かえ.す; かえ.る; とつ.ぐ,10,5E30
疑,be suspicious; distrust; doubt; question,ギ; うたが.う,14,7591
求,demand; request; require; want; wish for,キュウ; グ; もと.める,7,6C42
許,approve; permit,キョ; もと; ゆる.す,11,8A31
教,doctrine; faith; teach,キョウ; おし.える; おそ.わる; のり; ひさ,11,6559
均,average; level,キン; なら.す; ひとし,7,5747
空,empty; sky; vacant; vacuum; void,クウ; あ.き; あ.く; あ.ける; から; す.かす; す.く; そら; むな.しい; うつ; き; く,8,7A7A
敬,awe; honor; respect; revere,キョウ; ケイ; うやま.う; け; たか; たかし; たけ; とし; のり; ひろ; ゆき; よし,12,656C
結,bind; contract; do up hair; fasten; join; organize; tie,ケチ; ケツ; むす.ぶ; ゆ.う; ゆ.わえる; ゆい; ゆう,12,7D50
権,authority; power; rights,ケン; ゴン; おもり; かり; はか.る,15,6A29
厳,rigidity; severity; stern; strictness,ゲン; ゴン; いか.めしい; いつくし; おごそ.か; きび.しい; いつ; いづ; きゅうら; とし,17,53B3
戸,counter for houses; door; door radical (no. 63),コ; と; え; へ,4,6238
候,climate; expect; season; wait for; weather,コウ; そうろう,10,5019
工,construction;craft;katakana e radical (no. 48),もく;ク; グ,3,5DE5
航,cruise; fly; navigate; sail,コウ; わたる,10,822A
黒,black,コク; くろ; くろ.い; くろ.ずむ,11,9ED2
才,cubic shaku; genius; years old,サイ,3,624D
罪,blame; crime; fault; guilt; offense; sin,ザイ; つみ,13,7F6A
三,three,サン; ゾウ; み; み.つ; みっ.つ; か; さ; さい; さえ; さぶ; ざ; ざえ; ざぶ; そう; ぞ; ただ; みつ; みん; も; や,3,4E09
仕,attend; doing; official; serve,シ; ジ; つか.える,5,4ED5
師,army (incl. counter); exemplar; expert; master; model; teacher; war,シ; いくさ; かず; つかさ; のし; のり; みつ; もと; もろ,10,5E2B
紙,paper,シ; かみ,10,7D19
児,child; newborn babe; young of animals,ゲイ; ジ; ニ; -こ; -っこ; こ; る,7,5150
辞,expression; resign; term; word,ジ; いな.む; や.める,13,8F9E
社,association; company; firm; office; shrine,シャ; やしろ; こそ,7,793E
手,hand,シュ; ズ; -て; た-; て; て-,4,624B
就,concerning; depart; per; settle; study; take position,シュウ; ジュ; つ.く; つ.ける; たか; なり,12,5C31
住,dwell; inhabit; live; reside,ジュウ; チュウ; ヂュウ; -ず.まい; す.まう; す.む; し; じゅ; すみ,7,4F4F
準,conform; correspond to; imitate; proportionate to; semi-,ジュン; じゅん.じる; じゅん.ずる; なぞら.える; のり; ひと.しい; みずもり,13,6E96
女,female; woman,ジョ; ニョ; ニョウ; おんな; め; おな; た; つき; な,3,5973
昭,bright; shining,ショウ; あき; あきら; かず; かずみ; てる,9,662D
上,above; up,シャン; ショウ; ジョウ; -あ.がり; -あ.がる; -あ.げる; -うえ; あ.がり; あ.がる; あ.げる; うえ; うわ-; かみ; たてまつ.る; のぼ.す; のぼ.せる; のぼ.り; のぼ.る; あおい; あげ; い; か; かき; かず; かん; こう; のぼり; ほつ,3,4E0A
色,color,シキ; ショク; いろ; しか; しこ,6,8272
臣,retainer; subject,シン; ジン; おみ; たか; と; とみ; み,7,81E3
世,generation; public; society; world,セ; セイ; ソウ; よ; とし; ゆ; ゆき,5,4E16
正,10**40; correct; justice; righteous,ショウ; セイ; ただ.しい; ただ.す; まさ; まさ.に; おお; くに; ただし; ま; まさし,5,6B63
静,quiet,ジョウ; セイ; しず-; しず.か; しず.まる; しず.める; しづ,14,9759
折,bend; break; fold; fracture; submit; yield,シャク; セツ; -お.り; お.り; お.る; お.れる; おり; せき,7,6298
専,exclusive; mainly; solely; specialty,セン; もっぱ.ら,9,5C02
然,if so; in that case; so; sort of thing; well,ゼン; ネン; さ; しか; しか.し; しか.り,12,7136
相,aspect; councillor; each other; inter-; minister of state; mutual; phase; physiognomy; together,ショウ; ソウ; あい-; あ; い; おう; さ; さが; すけ,9,76F8
則,based on; follow; law; model after; rule,ソク; すなわち; のっと.る; のり,9,5247
存,be aware of; believe; exist; feel; suppose,ソン; ゾン; あ.る; たも.つ; と.う; ながら.える; あり; まさ,6,5B58
対,anti-; compare; equal; even; opposite; versus; vis-a-vis,タイ; ツイ; あいて; こた.える; そろ.い; つれあ.い; なら.ぶ; むか.う; つし,7,5BFE
第,No.; residence,ダイ; テイ,11,7B2C
談,discuss; talk,ダン,15,8AC7
忠,faithfulness; fidelity; loyalty,チュウ; きよし; たた; ただ; ただし; なお,8,5FE0
朝,(North) Korea; dynasty; epoch; morning; period; regime,チョウ; あさ; あ; あそ; ささ; ちか; とも,12,671D
低,humble; lower; short,テイ; ひく.い; ひく.まる; ひく.める,7,4F4E
適,capable; occasional; qualified; rare; suitable,テキ; かな.う,14,9069
電,electricity,デン,13,96FB
島,island,トウ; しま,10,5CF6
頭,counter for large animals; head,ズ; ト; トウ; -がしら; あたま; かしら; かぶり; かみ; がみ; ちゃん; つむり; づ,16,982D
徳,benevolence; commanding respect; goodness; virtue,トク; あつ; なる; のり; ゆき; よし,14,5FB3
弐,II; second; two,ジ; ニ; そえ; ふた.つ,6,5F10
納,obtain; pay; reap; settlement; store; supply,トウ; ナ; ナッ; ナン; ノウ; -おさ.める; おさ.まる; おさ.める; の; ろ,10,7D0D
倍,double; fold; times; twice,バイ; べ; ます,10,500D
半,half; middle; odd number; part-; semi-,ハン; なか.ば; は,5,534A
皮,hide; leather; pelt; skin; skin radical (no. 107),ヒ; かわ,5,76AE
百,hundred,ヒャク; ビャク; もも; お; ど; どう; なり; ひゃっ; ひゅく; も; もんど; ゆう,6,767E
貧,poor; poverty,ヒン; ビン; まず.しい,11,8CA7
武,arms; chivalry; military; warrior,ブ; ム; たけ; たけ.し; う; お; たけし; たけん; ん,8,6B66
分,1%; chances; degree; duty; know; minute of time; one's lot; part; rate; segment; shaku/100; share; understand,フン; ブ; ブン; わ.かつ; わ.かる; わ.かれる; わ.け; わ.ける; いた; わけ,4,5206
変,change; strange; unusual,ヘン; か.える; か.わり; か.わる,9,5909
墓,grave; tomb,ボ; はか,13,5893
貿,exchange; trade,ボウ,12,8CBF
味,flavor; taste,ミ; あじ; あじ.わう,8,5473
迷,astray; be perplexed; err; illusion; in doubt; lost,メイ; まよ.う,9,8FF7
野,civilian life; field; plains; rustic,ショ; ヤ; の; の-; ずけ; つけ; ぬ,11,91CE
由,a reason; wherefore,ユ; ユイ; ユウ; よ.る; よし,5,7531
用,business; employ; service; use; utilize,ヨウ; もち.いる; たから,5,7528
理,arrangement; justice; logic; reason; truth,リ; ことわり; あや; おさむ; さと; さとる; ただ; ただし; とおる; に; のり; ひ; まこと; まさ; まさし; まろ; みち; よし,11,7406
両,"both; counter for carriages (e.g., in a train); old Japanese coin; two",リョウ; てる; ふたつ; もろ,6,4E21
類,class; genus; kind; sort; variety,ルイ; たぐ.い,18,985E
労,labor; reward for; thank for; toil; trouble,ロウ; いた.ずき; いたわ.る; つか.れる; ねぎら; ねぎら.う; ろう.する,7,52B4
案,bench; draft; expectation; fear; idea; plan; ponder; proposition; suggestion; table; worry,アン; つくえ,10,6848
胃,craw; crop; paunch; stomach,イ,9,80C3
飲,drink; smoke; take,イン; オン; -の.み; の.む,12,98F2
英,England; English; calyx; hero; outstanding,エイ; はなぶさ; あ; あい; え; すぐる; はな; ひ; ひで; よし; ら,8,82F1
塩,salt,エン; しお,13,5869
温,warm,オン; あたた.か; あたた.かい; あたた.まる; あたた.める; ぬく; あつ; あつし; なお; はる; ゆ; ゆたか,12,6E29
家,expert; family; home; house; performer; professional,カ; ケ; いえ; うち; や; あり; え; く; つか; べ,10,5BB6
過,error; exceed; go beyond; overdo,カ; あやま.ち; あやま.つ; す.ぎる; す.ごす; よ.ぎる; よぎ.る,12,904E
械,contraption; fetter; instrument; machine,カイ; かせ,11,68B0
拡,broaden; enlarge; expand; extend,カク; コウ; ひろ.がる; ひろ.げる; ひろ.める,8,62E1
株,counter for small plants; shares; stock; stocks; stump,シュ; かぶ,10,682A
漢,China; Sino-,カン; はん,13,6F22
願,hope; petition; request; vow; wish,ガン; -ねがい; ねが.う; ら,19,9858
気,air; atmosphere; mind; mood; spirit,キ; ケ; き,6,6C17
義,honor; justice; loyalty; meaning; morality; righteousness,ギ; ただし; ちか; のり; よし,13,7FA9
球,ball; sphere,キュウ; たま; く,11,7403
漁,fishery; fishing,ギョ; リョウ; あさ.る,14,6F01
橋,bridge,キョウ; はし; ばせ,16,6A4B
禁,ban; forbid; prohibition,キン,13,7981
君,male name suffix; mister; ruler; you,クン; -ぎみ; きみ; み,7,541B
景,scenery; view,ケイ; かげ,12,666F
血,blood,ケツ; ち,6,8840
犬,dog,ケン; いぬ; いぬ-,4,72AC
減,curtail; decline; decrease; dwindle; get hungry; reduce,ゲン; へ.らす; へ.る,12,6E1B
故,cause; circumstances; consequently; especially; happenstance; intentionally; reason; the late; therefore,コ; ふる.い; もと; ゆえ,9,6545
光,light; ray,コウ; ひか.る; ひかり; あき; あきら; こお; てる; ひこ; み; みつ,6,5149
幸,blessing; fortune; happiness,コウ; さいわ.い; さち; しあわ.せ; こ; さき; さし; さっ; とも; ひろ; みゆき; ゆ; ゆき; よし,8,5E78
行,act; bank; carry out; conduct; going; journey; line; row,アン; ギョウ; コウ; -い.き; -いき; -ゆ.き; -ゆき; い.く; おこ.なう; おこな.う; ゆ.く; いく; なみ; なめ; みち; ゆき; ゆく,6,884C
今,now,キン; コン; いま; な,4,4ECA
採,fetch; pick; take; take up,サイ; と.る,11,63A1
財,assets; money; property; wealth,サイ; ザイ; ゾク; たから,10,8CA1
参,be defeated; be madly in love; coming; die; going; nonplussed; participate; take part in; three (in documents); visit; visiting,サン; シン; まい-; まい.る; まじわる; みつ; み,8,53C2
使,ambassador; cause; envoy; messenger; order; send on a mission; use,シ; -つか.い; -づか.い; つか.い; つか.う,8,4F7F
志,aspire; hopes; intention; motive; plan; resolve; shilling,シ; こころざ.す; こころざし; シリング; じん; べ; べし; ゆき,7,5FD7
至,arrive; attain; climax; proceed; reach; result in,シ; いた.る; のぶ; のり; みち; よし,6,81F3
字,character; letter; section of village; word,ジ; -な; あざ; あざな,6,5B57
式,ceremony; expression; form; function; method; rite; style; system,シキ; のり,6,5F0F
者,person; someone,シャ; もの,8,8005
種,class; kind; seed; species; variety,シュ; -ぐさ; たね; おい; くさ; た; ほ,14,7A2E
州,province; state,シュウ; ス; す; くに,6,5DDE
十,ten,ジッ; ジュウ; ジュッ; そ; と; とお; い; か; ぎ; さ; し; そう; ち; とう; ね; ま; る; わ,2,5341
純,genuine; innocence; net (profit); purity,ジュン; あつ; すみ; み; やすし; よし,10,7D14
序,beginning; chance; incidentally; occasion; order; precedence; preface,ジョ; つい.で; ついで; つぐ,7,5E8F
消,blow out; cancel; extinguish; neutralize; turn off,ショウ; き.える; け.す,10,6D88
乗,board; counter for vehicles; join; mount; multiplication; power; record; ride,ショウ; ジョウ; -の.り; の.せる; の.る; のり,9,4E57
食,eat; food,ショク; ジキ; く.う; く.らう; た.べる; は.む; ぐい,9,98DF
親,dealer (cards); familiarity; intimacy; parent; relative,シン; おや; おや-; した.しい; した.しむ; ぎ; ちか; のり,16,89AA
是,just so; justice; right; this,シ; ゼ; ここ; この; これ; すなお; ただし; つな; ゆき; よし,9,662F
清,Manchu dynasty; cleanse; exorcise; pure; purify,ショウ; シン; セイ; きよ.い; きよ.まる; きよ.める; あき; さや; し; すが; すみ; せ; ちん,11,6E05
税,duty; tax,ゼイ; さい,12,7A0E
設,establishment; prepare; provision,セツ; もう.ける; した,11,8A2D
川,river; river or three-stroke river radical (no. 47); stream,セン; かわ; か; こ; さわ,3,5DDD
全,all; complete; entire; fulfill; whole,ゼン; すべ.て; まった.く; たけ; まさ,6,5168
総,all; full; general; total; whole,ソウ; す.べて; すべ.て; ふさ; うさ; ずさ,14,7DCF
息,breath; coming to an end; interest (on money); nuture; respiration; rest; son,ソク; いき,10,606F
孫,descendants; grandchild,ソン; まご; ひ,10,5B6B
帯,belt; obi; region; sash; zone,タイ; お.びる; おび; たて,10,5E2F
題,subject; topic,ダイ,18,984C
知,know; wisdom,チ; し.らせる; し.る; さと; さとる; しり; しれ; とも; のり,8,77E5
昼,daytime; noon,チュウ; ひる,9,663C
町,block; street; town; village,チョウ; まち,7,753A
停,halt; stopping,テイ; と.まる; と.める,11,505C
鉄,iron,テツ; くろがね; けん; てっ,13,9244
徒,emptiness; ephemeral thing; futility; gang; junior; on foot; party; people; set; uselessness; vanity,ト; あだ; いたずら; かち,10,5F92
投,abandon; discard; give up; hurl; invest in; join; launch into; sell at a loss; throw,トウ; -な.げ; な.げる,7,6295
働,(kokuji); work,ドウ; はたら.く,13,50CD
特,special,トク,10,7279
肉,meat,ニク; しし,6,8089
能,ability; capacity; skill; talent,ノウ; あた.う; よ.く; たか; の; のり; よし,10,80FD
買,buy,バイ; か.う,12,8CB7
反,anti-,タン; ハン; ホ; ホン; -かえ.る; かえ.す; かえ.る; そ.らす; そ.る; そり; た,4,53CD
肥,fertile; fertilizer; get fat; manure; pamper,ヒ; こ.える; こ.やし; こ.やす; こえ; ふと.る; い; こい; ひえ,8,80A5
俵,bag; bale; counter for bags; sack,ヒョウ; たわら,10,4FF5
不,bad; clumsy; negative; non-; ugly,フ; ブ,4,4E0D
部,bureau; class; copy; counter for copies of a newspaper or magazine; dept; part; portion; section,ブ; -べ; とり; ふ; ぺ; ま,11,90E8
奮,be invigorated; flourish; stirred up,フン; ふる.う,16,596E
編,braid; compilation; completed poem; editing; knit; part of a book; plait; twist,ヘン; -あ.み; あ.む,15,7DE8
母,mother,ボ; はは; も,5,6BCD
防,defend; protect; resist; ward off,ボウ; ふせ.ぐ; あた; う; ほう,7,9632
未,1-3PM; eighth sign of Chinese zodiac; even now; hitherto; not yet; sign of the ram; still; un-,ビ; ミ; いま.だ; ひつじ; ま.だ,5,672A
鳴,bark; chirp; cry; echo; honk; ring; sound,メイ; な.く; な.らす; な.る; なり; なる,14,9CF4
役,campaign; drafted labor; duty; office; role; service; war,エキ; ヤク; ちゃく,7,5F79
遊,play,ユ; ユウ; あそ.ばす; あそ.ぶ; あす; う,12,904A
葉,blade; counter for flat things; fragment; leaf; lobe; needle; piece; plane; spear,ヨウ; は; よ; わ,12,8449
里,league; parent's home; ri; village,リ; さと; さ,7,91CC
料,fee; materials,リョウ,10,6599
令,command; decree; good; laws; orders,レイ; のり; りょう; れ,5,4EE4
老,grow old; old age; old man,ロウ; お.いる; ふ.ける; えび; おい; び,6,8001
以,because; by means of; compared with; in view of,イ; もっ.て; もち,5,4EE5
遺,bequeath; leave behind; reserve,イ; ユイ; のこ.す,15,907A
院,Inst.; institution; mansion; school; temple,イン,10,9662
衛,defense; protection,エ; エイ; い; まもる; もり,16,885B
央,center; middle,オウ; あきら; え; お; さと; ちか; てる; なか; ひさ; ひろ; や,5,592E
音,noise; sound,-ノン; イン; オン; おと; ね; お; と,9,97F3
科,course; department; section,カ; しな,9,79D1
我,I; ego; oneself; our; selfish,ガ; わ; わ.が-; わが-; われ; あ; あが; か,7,6211
海,ocean; sea,カイ; うみ; あ; あま; うな; うん; え; か; た; ひろ; ひろし; ぶ; まち; まま; み; め; わたる,9,6D77
格,"capacity; case (law, grammar); character; rank; status",カク; キャク; コウ; ゴウ; いたる; のり,10,683C
寒,cold,カン; さむ.い; さ; さん,12,5BD2
管,control; drunken talk; jurisdiction; pipe; tube; wind instrument,カン; くだ; すが,14,7BA1
喜,rejoice; take pleasure in,キ; よろこ.ばす; よろこ.ぶ; あき; きゅ; のぶ; ゆき; よし,12,559C
汽,steam; vapor,キ,7,6C7D
議,consideration; consultation; debate; deliberation,ギ; かた; のり,20,8B70
究,research; study,キュウ; ク; きわ.める; きゅ,7,7A76
魚,fish,ギョ; -ざかな; うお; さかな; い,11,9B5A
興,entertain; interest; pleasure; retrieve; revive,キョウ; コウ; おこ.す; おこ.る; おき; おこっ; とも,16,8208
近,akin; early; near; tantamount,キン; コン; ちか.い; おう; おお; この,7,8FD1
訓,Japanese character reading; explanation; instruction; read,キン; クン; おし.える; くん.ずる; よ.む; く; くに; くの; さとし; のり; ふみ,10,8A13
系,lineage; system,ケイ,7,7CFB
月,month; moon,ガツ; ゲツ; つき; おと; がっ; す; ずき; もり,4,6708
研,polish; sharpen; study of,ケン; と.ぐ; のり,9,7814
現,actual; existing; present,ゲン; あらわ.す; あらわ.れる; うつ.つ; うつつ; あきら; きら,11,73FE
湖,lake,コ; みずうみ; うみ; み,12,6E56
公,governmental; official; prince; public,ク; コウ; おおやけ; あきら; き; きみ; きん; たか; ただし; とも; ひろ; まさ,4,516C
広,broad; spacious; wide,コウ; ひろ.い; ひろ.がる; ひろ.げる; ひろ.まる; ひろ.める,5,5E83
講,association; club; lecture,コウ,17,8B1B
根,head (pimple); radical; root,コン; -ね; ね,10,6839
済,"come to an end; excusable; finish; need not; relieve (burden); settle (debt, etc.)",サイ; セイ; -す.ます; -ず.み; -ずみ; す.ます; す.まない; す.む; すく.う; な.す; わた.る; わたし; すむ; なり; わたる,11,6E08
坂,hill; incline; slope,ハン; さか; か; ざ,7,5742
山,mountain,サン; セン; やま; さ; やの; やん,3,5C71
司,administer; director; govt office; official; rule,シ; つかさど.る; つ; つか; つかさ,5,53F8
思,think,シ; おぼ.す; おも.う; おもえら.く,9,601D
視,inspection; look at; regard as; see,シ; み.る; とも; み,11,8996
寺,Buddhist temple,ジ; てら,6,5BFA
識,discriminating; know; write,シキ; し.る; しる.す; さと; さとる,19,8B58
謝,apologize; refuse; thank,シャ; あやま.る; さ; ざ,17,8B1D
酒,alcohol; sake,シュ; さか-; さけ; き; さ; し,10,9152
修,conduct oneself well; discipline; master; study,シュ; シュウ; おさ.まる; おさ.める; おき; おさむ; なが; のぶ,10,4FEE
従,accompany; comply; follow; incidental; obey; secondary; submit to; subordinate,ショウ; ジュ; ジュウ; したが.う; したが.える; より,10,5F93
順,docility; obey; occasion; order; right; turn,ジュン; あや; あり; おき; おさむ; しげ; したがう; とし; なお; のぶ; のり; まさ; むね; もと; ゆき; よし; より,12,9806
除,abolish; cancel; division (x/3); except; exclude; remove,ジ; ジョ; -よ.け; のぞ.く,10,9664
焼,bake; burning,ショウ; -や.き; や.き; や.き-; や.く; や.ける; やい; やき,12,713C
場,location; place,ジョウ; チョウ; ば,12,5834
信,faith; fidelity; trust; truth,シン; し; しが; しな; しの; しぶ; とき; のび; のぶ; まこと,9,4FE1
身,one's station in life; person; somebody,シン; み,7,8EAB
制,law; rule; system,セイ,8,5236
生,birth; genuine; life,ショウ; セイ; -う; い.かす; い.きる; い.ける; う.まれ; う.まれる; う.む; うま.れる; うまれ; お.う; き; な.す; な.る; なま; なま-; は.える; は.やす; む.す; あさ; いき; いく; いけ; うぶ; うまい; え; おい; ぎゅう; くるみ; ごせ; さ; じょう; すぎ; そ; そう; ちる; なば; にう; にゅう; ふ; み; もう; よい; りゅう,5,751F
席,mat; occasion; place; seat,セキ; むしろ,10,5E2D
節,clause; honor; joint; knob; knot; knuckle; melody; node; occasion; period; season; stanza; tune; verse,セチ; セツ; -ぶし; のっと; ふし; たかし,13,7BC0
戦,battle; match; war,セン; いくさ; おのの.く; そよ.ぐ; たたか.う; わなな.く; せ,13,6226
祖,ancestor; founder; pioneer,ソ; い,9,7956
草,draft; grass; herbs; pasture; weeds; write,ソウ; -ぐさ; くさ; くさ-; そ; や,9,8349
測,fathom; measure; plan; scheme,ソク; はか.る,12,6E2C
尊,exalted; noble; precious; revered; valuable,ソン; たっと.い; たっと.ぶ; とうと.い; とうと.ぶ; さだ; たか; たけ; みこと,12,5C0A
待,depend on; wait,タイ; -ま.ち; ま.つ; まち; まつ,9,5F85
達,accomplished; arrive; attain; reach,タツ; ダ; -たち; かつ; さと; て; てつ; とおる; みち,12,9054
地,earth; ground,ジ; チ; どま,6,5730
柱,cylinder; pillar; post; support,チュウ; はしら,9,67F1
腸,bowels; guts; intestines; viscera,チョウ; はらわた; わた,13,8178
定,decide; determine; establish; fix,ジョウ; テイ; さだ.か; さだ.まる; さだ.める; さた,8,5B9A
典,ceremony; code; law; rule,テン; デン; のり; ふみ; すけ; つね; の,8,5178
登,ascend; climb up,ショウ; チョウ; ト; トウ; ドウ; あ.がる; のぼ.る; たか; のぼし; のぼり; のり,12,767B
東,east,トウ; ひがし; あい; あがり; あずま; あづま; こち; さき; しの; とお; はる; ひが; もと,8,6771
動,change; confusion; motion; move; shake; shift,ドウ; うご.かす; うご.く; るぎ,11,52D5
毒,germ; harm; injury; poison; spite; venom; virus,ドク,8,6BD2
日,Japan; counter for days; day; sun,ジツ; ニチ; -か; -び; ひ; あ; あき; いる; く; くさ; こう; す; たち; に; にっ; につ; へ,4,65E5
農,agriculture; farmers,ノウ; な; の; み,13,8FB2
売,sell,バイ; う.る; う.れる; うり; うる; め,7,58F2
板,board; plank; plate; stage,ハン; バン; いた,8,677F
費,consume; cost; expense; spend; waste,ヒ; つい.える; つい.やす,12,8CBB
標,emblem; evidence; imprint; mark; seal; signpost; souvenir; stamp; symbol; target; trademark,ヒョウ; しるし; しるべ; しべ,15,6A19
付,adhere; append; attach; refer to,フ; -つ.き; -つ.け; -つ.ける; -つき; -づ.き; -づ.く; -づ.け; -づ.ける; -づき; -づけ; つ.き; つ.く; つ.け; つ.け-; つ.ける; つけ,5,4ED8
風,air; manner; style; wind,フ; フウ; かざ-; かぜ; い; え,9,98A8
粉,dust; flour; powder,フン; こ; こな; デシメートル,10,7C89
辺,border; boundary; environs; vicinity,ヘン; -べ; あた.り; ほと.り; なべ,5,8FBA
包,conceal; cover; pack up; wrap,ホウ; くる.む; つつ.む; お; かね,5,5305
北,north,ホク; きた; きら; ほう; ほっ; ほつ,5,5317
脈,hope; pulse; vein,ミャク; すじ,10,8108
綿,cotton,メン; わた; う,14,7DBF
約,approximately; promise; shrink,ヤク; つづ.まる; つづ.める; つづま.やか,9,7D04
夕,evening,セキ; ゆう; ゆ,3,5915
要,essence; key to; main point; need; pivot,ヨウ; い.る; かなめ; とし,9,8981
陸,land; six,リク; ロク; おか; くが; たち; みち; む; むつ,11,9678
良,good; pleasing; skilled,リョウ; -い.い; -よ.い; い.い; よ.い; じ; なが; まこと; よし; ら; りょ; ろう,7,826F
例,custom; example; precedent; usage,レイ; たと.える,8,4F8B
六,six,リク; ロク; む; む.つ; むい; むっ.つ; く; むつ; ろっ; ろつ,4,516D
位,about; crown; grade; rank; some; throne,イ; くらい; ぐらい; ぞき,7,4F4D
医,doctor; medicine,イ; い.する; い.やす; くすし,7,533B
右,right,ウ; ユウ; みぎ; あき; すけ,5,53F3
液,fluid; juice; liquid; sap; secretion,エキ,11,6DB2
往,before; chase away; formerly; going; journey; let go; travel,オウ; い.く; いにしえ; さき.に; ゆ.く; みち,8,5F80
下,below; descend; down; give; inferior; low,カ; ゲ; -くだ.す; お.りる; お.ろす; くだ.さる; くだ.す; くだ.り; くだ.る; さ.がる; さ.げる; した; しも; もと; さか; しと,3,4E0B
果,achieve; carry out; complete; end; finish; fruit; reward; succeed,カ; -は.たす; -は.てる; は.たす; は.て; は.てる; はた.す; み,8,679C
画,brush-stroke; picture,エ; カイ; カク; ガ; えが.く; かぎ.る; かく.する; はか.る; はかりごと,8,753B
界,boundary; world,カイ,9,754C
確,assurance; clear; confirm; evident; firm; hard; solid; tight,カク; コウ; たし.か; たし.かめる,15,78BA
刊,carve; engrave; publish,カン,5,520A
観,appearance; condition; look; outlook; view,カン; しめ.す; み.る,18,89B3
器,ability; container; implement; instrument; receptacle; set; tool; utensil; vessel,キ; うつわ,15,5668
季,seasons,キ; すえ; とし,8,5B63
客,client; customer; guest; visitor,カク; キャク,9,5BA2
級,class; grade; rank,キュウ; しな,9,7D1A
京,10**16; capital,キョウ; キン; ケイ; みやこ; たか,8,4EAC
鏡,barrel-head; mirror; round rice-cake offering; speculum,キョウ; ケイ; かがみ; あき; かが; かがん,19,93E1
金,gold,キン; コン; ゴン; -がね; かな-; かね; かん; きむ; こ; この; ん,8,91D1
群,cluster; crowd; flock; group; herd; swarm,グン; む.れ; む.れる; むら; むら.がる; ぐ; ぐり; こお; こおり; ごうり,13,7FA4
経,expire; longitude; pass thru; sutra; warp,キョウ; キン; ケイ; た.つ; たていと; のり; はか.る; へ.る; つね; のぶ,11,7D4C
件,affair; case; item; matter,ケン; くだん,6,4EF6
絹,silk,ケン; きぬ,13,7D79
言,say; word,ゲン; ゴン; い.う; こと; とき,7,8A00
五,five,ゴ; いつ; いつ.つ; い; さ; さつ; ち; ふ; み; め,4,4E94
功,achievement; credit; honor; merits; success,ク; コウ; いさお; いさ; かつ; くぬ; ぐう; こと; つとむ; とし; のり; よし,5,529F
康,ease; peace,コウ; かん; こ; みち; やす; やすし,11,5EB7
鉱,mineral; ore,コウ; あらがね,13,9271
混,blend; confuse; mix,コン; -ま.じり; こ.む; ま.ざる; ま.じる; ま.ぜる,11,6DF7
災,calamity; curse; disaster; evil; woe,サイ; わざわ.い,7,707D
作,build; make; prepare; production,サ; サク; -づく.り; つく.り; つく.る; くり; さか; さっ; づくり; とも; なお; はぎ; まさか,7,4F5C
散,disperse; scatter; spend; squander,サン; -ち.らす; ち.らかす; ち.らかる; ち.らす; ち.らばる; ち.る; ばら; ばら.ける; ちる,12,6563
史,chronicle; history,シ; あきら; あや; お; こ; ちか; とし; なか; のぶ; ひさ; ひと; ふみ,5,53F2
指,finger; indicate; measure (ruler); play (chess); point to; put into,シ; -さ.し; さ.す; ゆび; い; いぶ; さし; さす,9,6307
詞,part of speech; poetry; words,シ; ことば,12,8A5E
持,have; hold,ジ; -も.ち; も.つ; も.てる; もち; もつ,9,6301
七,seven,シチ; なな; なな.つ; なの; し; しっ; な; ひち,2,4E03
車,car,シャ; くるま; くら; くろま,7,8ECA
首,counter for songs and poems; neck,シュ; くび; おびと; こべ; す,9,9996
拾,find; gather; go on foot; pick up; ten,シュウ; ジュウ; ひろ.う,9,62FE
重,-fold; esteem; heap up; heavy; important; nest of boxes; pile up; respect,ジュウ; チョウ; え; おも; おも.い; おも.なう; おも.り; かさ.なる; かさ.ねる; さね; しげ; しげる,9,91CD
処,act; behave; condemn; deal with; dispose; manage; place; sentence,ショ; -こ; お.る; ところ,5,51E6
勝,excel; prevail; victory; win,ショウ; -が.ち; か.つ; かつ; すぐ.れる; まさ.る; かち; と; よし,12,52DD
照,bashful; compare; illuminate; shine,ショウ; て.らす; て.る; て.れる; あき; てる,13,7167
常,always; common; continually; long-lasting; normal; ordinary; regular; usual,ジョウ; つね; とこ-; とき; のぶ; ひ; ひた,11,5E38
心,heart; heart radical (no. 61); mind; spirit,シン; -ごころ; こころ,4,5FC3
進,advance; proceed; progress; promote,シン; すす.む; すす.める; のぶ,11,9032
勢,energy; forces; military strength,セイ; ゼイ; いきお.い; はずみ; せ,13,52E2
精,energy; excellence; fairy; ghost; purity; refined; semen; skill; vitality,ショウ; セイ; くわ.しい; しら.げる; きよ,14,7CBE
石,stone,コク; シャク; セキ; いし; いさ; いす; いわ; し; せっく; と,5,77F3
説,explanation; opinion; rumor; theory,セツ; ゼイ; と.く; さとし; とき,14,8AAC
浅,frivolous; shallow; shameful; superficial; wretched,セン; あさ.い; あざ; さ,9,6D45
素,elementary; naked; principle; uncovered,ス; ソ; もと,10,7D20
走,run,ソウ; はし.る; はしり,7,8D70
足,be sufficient; counter for pairs of footwear; foot; leg,ソク; あし; た.す; た.りる; た.る; あ; あす; おす; たらし,7,8DB3
損,damage; disadvantage; hurt; injure; loss,ソン; -そこ.なう; -そこ.ねる; そこ.なう; そこ.ねる; そこな.う,13,640D
態,appearance; attitude; condition; figure; voice (of verbs),タイ; わざ.と,14,614B
谷,valley,コク; きわ.まる; たに; がい; がえ; がや; せ; たり; たん; や,7,8C37
池,cistern; pond; pool; reservoir,チ; いけ,6,6C60
注,annotate; comment; concentrate on; flow into; irrigate; notes; pour; shed (tears),チュウ; さ.す; そそ.ぐ; つ.ぐ,8,6CE8
調,exorcise; harmonize; investigate; key (music); mediate; meter; prepare; tone; tune; writing style,チョウ; しら.べ; しら.べる; ととの.う; ととの.える; ぎ; つぎ,15,8ABF
底,base; bottom; bottom price; depth; kind; sole; sort,テイ; そこ,8,5E95
天,heavens; imperial; sky,テン; あま-; あまつ; あめ; あき; あも; た; たかし; て; なま,4,5929
都,all; capital; everything; metropolis,ツ; ト; みやこ; くに; ず; ち; づめ; みや,11,90FD
湯,bath; hot spring; hot water,トウ; ゆ,12,6E6F
同,agree; equal; same,ドウ; おな.じ,6,540C
独,Germany; alone; single; spontaneously,トク; ドク; ひと.り; どいつ; どっ,9,72EC
入,enter; insert,ジュ; ニュウ; -い.り; -い.る; -い.れ; い.る; い.れる; はい.る; いり; いる; に; の; りり,2,5165
波,Poland; billows; waves,ハ; なみ; ひら; みな; みなみ; わ,8,6CE2
博,Dr.; Ph.D.; command; esteem; exposition; fair; win acclaim,ハク; バク; ぐれ; と; はか; ひろ,12,535A
版,edition; impression; label; printing block; printing plate,ハン,8,7248
非,injustice; mistake; negative; non-; un-,ヒ; あら.ず,8,975E
氷,congeal; freeze; hail; ice; icicle,ヒョウ; こお.る; こおり; ひ; すい,5,6C37
夫,husband; man,フ; フウ; ブ; おっと; それ; お; と; ゆう; よ,4,592B
復,restore; resume; return to; revert,フク; また,12,5FA9
文,art; decoration; figures; literary radical (no. 67); literature; plan; sentence; style,ブン; モン; あや; ふみ; かざり; ふ; も,4,6587
返,answer; fade; repay; return,ヘン; -かえ.す; -かえ.る; かえ.す; かえ.る,7,8FD4
報,news; report; retribution; reward,ホウ; むく.いる,12,5831
牧,breed; care for; feed; pasture; shepherd,ボク; まき; ま; まい; もく,8,7267
民,nation; people; subjects,ミン; たみ; ひと; み,5,6C11
面,face; features; mask; surface,ベン; メン; おも; おもて; つら; お; ずら; ほおつき; も,9,9762
薬,benefit; chemical; enamel; gunpowder; medicine,ヤク; くすり; み,16,85AC
予,I; beforehand; myself; previous,シャ; ヨ; あらかじ.め,4,4E88
陽,daytime; heaven; male; positive; sunshine; yang principle,ヨウ; ひ; あき; あきら; あけ; はる; ひろ; やん; よ,12,967D
律,control; gauge; law; regulation; rhythm,リチ; リツ; レツ; たかし; のり,9,5F8B
量,amount; consider; estimate; measure; quantity; surmise; weight,リョウ; はか.る; かず,12,91CF
冷,"chill; cold (beer, person); cool",レイ; さ.ます; さ.める; つめ.たい; ひ.える; ひ.や; ひ.やかす; ひ.やす; ひ.ややか,7,51B7
録,record,ロク; しる.す; と.る,16,9332
依,consequently; depend on; due to; reliant; therefore,イ; エ; よ.る; よ; より,8,4F9D
育,bring up; grow up; raise; rear,イク; そだ.ち; そだ.つ; そだ.てる; はぐく.む; やす,8,80B2
雨,rain,ウ; -さめ; あま-; あめ,8,96E8
益,advantage; benefit; gain; profit,エキ; ヤク; ま.す; まし; ます,10,76CA
応,OK; accept; answer; apply; reply; yes,-ノウ; オウ; ヨウ; あた.る; こた.える; まさに; お; たか; まさ,7,5FDC
化,-ization; change; delude; enchant; influence; take the form of,カ; ケ; け.する; ば.かす; ば.ける; ふ.ける,4,5316
歌,sing; song,カ; うた; うた.う,14,6B4C
芽,bud; germ; spear; sprout,ガ; め; じ; めぐ,8,82BD
絵,drawing; painting; picture; sketch,エ; カイ,12,7D75
覚,awake; learn; memorize; remember; sober up,カク; おぼ.える; さ.ます; さ.める; さと.る,12,899A
勧,advise; encourage; offer; persuade; recommend,カン; ケン; すす.める,13,52E7
間,interval; space,カン; ケン; あい; あいだ; ま; ちか; は; はざ; はし,12,9593
基,counter for machines; foundation; fundamentals; radical (chem),キ; もと; もとい; きい; とも,11,57FA
紀,account; annals; chronicle; geologic period; history; narrative,キ; おさむ; ただす; とし; とも; のり; もと,9,7D00
逆,inverted; opposite; reverse; wicked,ギャク; ゲキ; さか; さか.さ; さか.らう,9,9006
給,allow; bestow on; gift; grant; salary; wage,キュウ; -たま.え; たま.う; たも.う; きい,12,7D66
供,accompany; offer; present; serve (meal); submit,キョウ; ク; クウ; グ; -ども; そな.える; とも,8,4F9B
業,arts; business; performance; vocation,ギョウ; ゴウ; わざ; なり; のぶ,13,696D
銀,silver,ギン; しろがね; うん; かな; かね,14,9280
軍,army; battle; force; troops; war,グン; いくさ,9,8ECD
計,measure; plan; plot; scheme,ケイ; はか.らう; はか.る; え; かず; け,9,8A08
健,health; healthy; persistence; strength,ケン; すこ.やか; かつ; たけ; たけし; たて; とし; やす; やすし,11,5065
県,prefecture,ケン; か.ける; あがた; がた,9,770C
限,limit; restrict; to best of ability,ゲン; -かぎ.り; かぎ.り; かぎ.る,9,9650
午,11AM-1PM; noon; seventh sign of Chinese zodiac; sign of the horse,ゴ; うま,4,5348
効,benefit; efficacy; efficiency; merit,コウ; き.く; ききめ; なら.う,8,52B9
校,correction; exam; printing; proof; school,キョウ; コウ; めん,10,6821
高,expensive; high; tall,コウ; -だか; たか; たか.い; たか.まる; たか.める; か; こ; じょい; た; はか,10,9AD8
左,left,サ; シャ; ひだり; そ,5,5DE6
祭,celebrate; deify; enshrine; offer prayers; ritual; worship,サイ; まつ.り; まつ.る; まつり,11,796D
昨,previous; yesterday,サク,9,6628
産,bear; childbirth; give birth; native; products; property; yield,サン; う.まれる; う.む; うぶ-; む.す; もと,11,7523
四,four,シ; よ; よ.つ; よっ.つ; よん; あ; つ; よつ,5,56DB
支,branch; branch radical (no. 65); support; sustain,シ; か.う; ささ.える; つか.える,4,652F
詩,poem; poetry,シ; うた,13,8A69
時,hour; time,ジ; -どき; とき; と; とぎ,10,6642
失,disadvantage; error; fault; lose; loss,シツ; う.せる; うしな.う,5,5931
借,borrow; rent,シャク; か.りる,10,501F
受,accept; answer (phone); catch; get; receive; take; undergo,ジュ; -う.け; う.かる; う.ける; じょ,8,53D7
秋,autumn,シュウ; あき; とき; あい,9,79CB
宿,be pregnant; dwell; dwelling; home; inn; lodge; lodging; relay station,シュク; やど; やど.す; やど.る; すく; ぶすき; やけ,11,5BBF
初,beginning; first time,ショ; -そ.める; -ぞ.め; うい-; はじ.め; はじ.めて; はつ; はつ-; し; はっ,7,521D
商,dealing in; make a deal; merchant; selling,ショウ; あきな.う; あき,11,5546
省,conserve; government ministry; omit,ショウ; セイ; かえり.みる; はぶ.く; さとし; み,9,7701
情,circumstances; emotion; facts; feelings; passion; sympathy,ジョウ; セイ; なさ.け,11,60C5
新,new,シン; あたら.しい; あら-; あら.た; にい-; あせ; あたらし; し; に; にっ; につ; よし,13,65B0
人,person,ジン; ニン; -と; -り; ひと; じ; と; ね; ひこ; ふみ,2,4EBA
性,gender; nature; sex,ショウ; セイ; さが,8,6027
聖,holy; master; priest; sage; saint,ショウ; セイ; ひじり; きよ; さと; さとし; せ; たか; ただ; ひろ; まさ; み,13,8056
積,acreage; amass; contents; load; pile up; product (x*y); stack; volume,セキ; -づ.み; つ.む; つ.もり; つ.もる; か; さか; しゃこ; ずみ; つみ,16,7A4D
雪,snow,セツ; ゆき; せっ; ぶき,11,96EA
線,line; track,セン; すじ,15,7DDA
組,assemble; association; braid; construct; cooperate; grapple; plait; unite,ソ; -ぐみ; く.む; くみ,11,7D44
送,escort; send,ソウ; おく.る,9,9001
速,fast; quick,ソク; すみ.やか; はや-; はや.い; はや.める; わ,10,901F
村,town; village,ソン; むら; え; むた; ら,7,6751
貸,lend,タイ; か.し-; か.す; かし-,12,8CB8
単,merely; one; simple; single,タン; ひとえ,9,5358
置,deposit; employ; keep; leave behind; pawn; placement; put; set,チ; -お.き; お.く; おき; おけ; き,13,7F6E
虫,bug; insect; temper,キ; チュウ; むし; む,6,866B
長,leader; long; senior; superior,チョウ; おさ; なが.い; お; おしゃ; たかし; たけ; な; は; ひさ,8,9577
庭,courtyard; garden; yard,テイ; にわ; ば,10,5EAD
展,expand; unfold,テン; のぶ; のり; ひろ; ゆき,10,5C55
努,as much as possible; diligent; toil,ド; つと.める,7,52AA
燈,counter for lights; lamp; light,トウ; あかり; とも.す; ともしび; ひ; ほ-,16,71C8
堂,hall; public chamber,ドウ,11,5802
読,read,トウ; トク; ドク; -よ.み; よ.む; よみ,14,8AAD
任,appoint; duty; entrust to; responsibility; term,ニン; まか.す; まか.せる; さ; とう; ひで,6,4EFB
派,clique; faction; group; party; school; sect,ハ,9,6D3E
白,white,ハク; ビャク; しら-; しろ; しろ.い; あき; か; はっ,5,767D
犯,crime; offense; sin,ハン; ボン; おか.す,5,72AF
飛,fly; scatter; skip (pages),ヒ; -と.ばす; と.ばす; と.ぶ; あす; とび,9,98DB
票,ballot; label; sign; ticket,ヒョウ,11,7968
婦,bride; lady; wife; woman,フ; よめ; ね,11,5A66
幅,hanging scroll; width,フク; はば,12,5E45
聞,ask; hear; listen,ブン; モン; き.く; き.こえる,14,805E
便,chance; convenience; excrement; facility; feces; letter,ビン; ベン; たよ.り,9,4FBF
放,banish; emit; fire; liberate; release; set free; shoot,ホウ; -っぱな.し; こ.く; はな.す; はな.つ; はな.れる; ほう.る; はなれ,8,653E
本,book; counter for long cylindrical things; main; origin; present; real; true,ホン; もと; ごう; まと,5,672C
務,duties; task,ム; つと.める; つかさ; み,11,52D9
毛,down; feather; fur; hair,モウ; け; めん; も,4,6BDB
訳,case; circumstance; reason; translate,ヤク; わけ,11,8A33
余,myself; other; remainder; surplus; too much,ヨ; あま.す; あま.り; あま.る; あんま.り; あまる,7,4F59
養,bring up; develop; foster; nurture; rear,ヨウ; リョウ; やしな.う; や,15,990A
率,%; command; factor; lead; proportion; rate; ratio; spearhead,シュツ; ソツ; リツ; ひき.いる,11,7387
領,dominion; fief; jurisdiction; reign; territory,リョウ; えり; よう; よし,14,9818
礼,bow; ceremony; remuneration; salute; thanks,ライ; レイ; あや; なり; のり; ひろし; れ,5,793C
論,argument; discourse,ロン; あげつら.う,15,8AD6
囲,besiege; encircle; enclosure; keep; paling; preserve; store; surround,イ; かこ.い; かこ.う; かこ.む,7,56F2
一,one; one radical (no.1),イチ; イツ; ひと-; ひと.つ; い; いっ; いる; かず; かつ; かづ; てん; はじめ; ひ; ひとつ; まこと,1,4E00
運,advance; carry; destiny; fate; lot; luck; progress; transport,ウン; はこ.ぶ,12,904B
駅,station,エキ,14,99C5
横,horizontal; perverse; side; sideways; unreasonable; width; woof,オウ; よこ,15,6A2A
仮,assumed (name); informal; interim; sham; temporary,カ; ケ; かり; かり-,6,4EEE
河,river,カ; かわ; かっ; こ; こう,8,6CB3
賀,congratulations; joy,ガ; か; のり; よし; より,12,8CC0
角,angle; antlers; corner; horn; square,カク; かど; つの; い; す; すみ; ずみ; ふさ,7,89D2
完,completion; end; perfect,カン,7,5B8C
関,barrier; concerning; connection; gateway; involve,カン; -ぜき; かか.わる; からくり; かんぬき; せき,14,95A2
寄,bring near; collect; draw near; forward; gather; send; stop in,キ; -よ.り; よ.せる; よ.る; よせ; より; よろ,11,5BC4
規,measure; standard,キ; すのり; ただし; のり; み,11,898F
久,long time; old story,キュウ; ク; ひさ.しい; きゅ; なが; ひさ; ひさし; わ,3,4E45
旧,ex-; former; old friend; old things; old times,キュウ; ふる.い; もと,5,65E7
競,bid; bout; compete with; contest; emulate; race; sell at auction,キョウ; ケイ; きそ.う; くら.べる; せ.る; かい; わたなべ,20,7AF6
局,affair; board; bureau; conclusion; court lady; her apartment; lady-in-waiting; office,キョク; つぼね,7,5C40
九,nine,キュウ; ク; ここの; ここの.つ; いちじく; いちのく; この; ひさし,2,4E5D
郡,county; district,グン; こおり,10,90E1
軽,lightly; trifling; unimportant,キョウ; キン; ケイ; かる.い; かろ.やか; かろ.んじる,12,8EFD
兼,and; beforehand; concurrently; in advance,ケン; -か.ねる; か.ねる; かね,10,517C
見,chances; hopes; idea; look at; opinion; see; visible,ケン; み.える; み.せる; み.る,7,898B
個,counter for articles; individual,カ; コ,10,500B
後,back; behind; later,コウ; ゴ; あと; うし.ろ; うしろ; おく.れる; のち; こし; し; しい; しり,9,5F8C
厚,brazen; cordial; heavy; kind; rich; shameless; thick,コウ; あか; あつ.い; あ; あっ,9,539A
構,appearance; build; posture; set up; stance,コウ; かま.う; かま.える; とち,14,69CB
号,call; item; name; nickname; number; pseudonym; title,ゴウ; さけ.ぶ; よびな,5,53F7
差,balance; difference; discrepancy; distinction; margin; variation,サ; さ.し; さ.す,10,5DEE
細,dainty; detailed; get thin; narrow; precise; slender; taper,サイ; こま.か; こま.かい; ほそ.い; ほそ.る,11,7D30
策,means; plan; policy; scheme; step,サク,12,7B56
算,abacus; calculate; divining; number; probability,サン; そろ,14,7B97
士,gentleman; samurai; samurai radical (no. 33); scholar,シ; さむらい; お; ま,3,58EB
止,halt; stop,シ; -さ.し; -さ.す; -と.める; -ど.まり; -ど.め; -や.む; と.まる; と.める; とど.まる; とど.め; とど.める; や.む; や.める; よ.す; どめ,4,6B62
試,attempt; experiment; ordeal; test; try,シ; こころ.みる; ため.す,13,8A66
次,next; order; sequence,シ; ジ; つ.ぐ; つぎ; き; すき; つぐ; よし,6,6B21
室,apartment; cellar; chamber; greenhouse; room,シツ; むろ,9,5BA4
釈,explanation,シャク; セキ; す.てる; とく; ゆる.す; しゃ,11,91C8
授,confer; grant; impart; instruct,ジュ; さず.かる; さず.ける,11,6388
終,end; finish,シュウ; -お.わる; お.える; お.わる; おわ.る; つい; つい.に; ばて,11,7D42
祝,celebrate; congratulate,シュウ; シュク; いわ.う; のり; ほぎ; ゆわい,9,795D
所,extent; place,ショ; -ところ; とこ; ところ; どころ; せ,8,6240
唱,call upon; chant; recite; yell,ショウ; とな.える,11,5531
称,admire; appellation; fame; name; praise; title,ショウ; あ.げる; かな.う; たた.える; とな.える; はか.り; はか.る; ほめ.る; ね,10,79F0
条,"article; clause; counter for articles, clauses, paragraphs, etc.; item; streak; stripe; twig",ジョウ; チョウ; デキ; えだ; すじ,7,6761
森,forest; woods,シン; もり; もと,12,68EE
仁,benevolence; charity; humanity; kernel; man; virtue,ジン; ニ; ニン; きみ; く; さと; しのぶ; じ; と; のり; ひと; ひとし; ひろ; まさ; まさし; やす; よし,4,4EC1
成,become; elapse; get; grow; reach; turn into,ジョウ; セイ; -な.す; な.す; な.る; あき; あきら; しげ; そん; たえ; なお; なり; なる; のり; ひら; まさ; よし; り,6,6210
声,voice,ショウ; セイ; こえ; こわ-,7,58F0
績,achievements; exploits; unreeling cocoons,セキ; み,17,7E3E
絶,abstain; be beyond; cut off; discontinue; interrupt; peerless; sever; suppress; unparalleled; without match,ゼツ; た.える; た.つ; た.やす,12,7D76
船,boat; ship,セン; ふな-; ふね; ふ,11,8239
創,genesis; hurt; injury; originate; start; wound,ショウ; ソウ; きず; けず.しける; つく.る; はじ.める; はじめ,12,5275
像,figure; image; picture; portrait; statue,ゾウ; かた,14,50CF
俗,customs; manners; mundane things; vulgar; worldliness,ゾク,9,4FD7
他,another; other; the others,タ; ほか,5,4ED6
退,expel; reject; repel; resign; retire; retreat; withdraw,タイ; しりぞ.く; しりぞ.ける; ど.く; の.く; の.ける; ひ.く,9,9000
炭,charcoal; coal,タン; すみ,9,70AD
築,build; construct; fabricate,チク; きず.く; つい; つき; つく; づき,16,7BC9
著,arrival; counter for suits of clothing; don; finish (race); literary work; phenomenal; publish; put on; remarkable; renowned; wear; write,チャク; チョ; あらわ.す; いちじる.しい,11,8457
鳥,bird; chicken,チョウ; とり; か; と; とっ,11,9CE5
弟,faithful service to elders; younger brother,ダイ; テイ; デ; おとうと; て,7,5F1F
店,shop; store,テン; たな; みせ,8,5E97
度,attitude; consider; counter for occurrences; degrees; occurrence; time,タク; ト; ド; -た.い; たび; のり,9,5EA6
当,appropriate; himself; hit; right,トウ; あ.たり; あ.たる; あ.て; あ.てる; まさ.に; まさ.にべし; たい,6,5F53
導,conduct; guidance; leading; usher,ドウ; みちび.く; みち,15,5C0E
届,arrive; deliver; forward; notify; reach; report,カイ; -とど.け; とど.く; とど.ける,8,5C4A
認,acknowledge; appreciate; believe; discern; recognize; witness,ニン; したた.める; みと.める,14,8A8D
破,break; defeat; destroy; frustrate; rend; rip; tear,ハ; やぶ.る; やぶ.れる; わ.れる,10,7834
麦,barley; wheat,バク; むぎ,7,9EA6
飯,boiled rice; meal,ハン; めし; い; いい; いり; え,12,98EF
備,equip; preparation; provision,ビ; そな.える; そな.わる; つぶさ.に; びっ; びん,12,5099
表,chart; diagram; surface; table,ヒョウ; -おもて; あら.わす; あらわ.す; あらわ.れる; おもて,8,8868
富,abundant; enrich; wealth,フ; フウ; と.む; とみ; と; とん; ふっ,12,5BCC
服,admit; clothing; discharge; obey,フク; はっ; はつ; はら,8,670D
兵,army; private; soldier; strategy; tactics; troops; warfare,ヒョウ; ヘイ; つわもの; へ,7,5175
勉,diligent; encourage; endeavour; exertion; make effort; strive,ベン; つと.める; ひこ; やつ,10,52C9
方,alternative; direction; person,ホウ; -かた; -がた; かた; から; な; なた; ふさ; まさ; みち; も; わ,4,65B9
妹,younger sister,マイ; いもうと; す; せ; も,8,59B9
無,ain't; nil; none; not; nothing; nothingness,ブ; ム; な.い,12,7121
木,tree; wood,ボク; モク; き; こ-; ぐ; も; もと,4,6728
油,fat; oil,ユ; ユウ; あぶら,8,6CB9
預,custody; deposit; entrust to; leave with,ヨ; あず.かる; あず.ける,13,9810
欲,covetousness; craving; desire; greed; longing; passion,ヨク; ほ.しい; ほっ.する,11,6B32
立,erect; rise; set up; stand up,リットル; リツ; リュウ; -た.つ; -た.て; -た.てる; -だ.て; -だ.てる; た.ち-; た.つ; た.て-; た.てる; たて-; たち; たっ; たつ; だて; つい,5,7ACB
力,bear up; exert; power; strain; strength; strong,リイ; リキ; リョク; ちから; じから; つとむ,2,529B
歴,continuation; curriculum; passage of time,レキ; レッキ,14,6B74
和,Japan; Japanese style; harmony; peace; soften,オ; カ; ワ; あ.える; なご.む; なご.やか; やわ.らぐ; やわ.らげる; あい; いず; かず; かつ; かつり; かづ; たけ; ち; とも; な; にぎ; まさ; やす; よし; より; わだこ; わっ,8,548C
